Link,Title,Location,Company,Summary
https://kr.indeed.com/viewjob?jk=f90a85331ab2850c,Korean to English Subtitle Translator,원격 근무 in 서울,Iyuno-SDI Group,participate in our online language assessment. You may go directly to our on-boarding platform to take the test: *https...
https://kr.indeed.com/viewjob?jk=35bbd069832035a7,"Communications Specialist, Korea",서울,Netflix,action who is known to manage things in a timely manner. A go-getter who actively secures and place great stories about our...
https://kr.indeed.com/viewjob?jk=c14b6d6c1bc5a2d3,Stock Clerk,대한민국,ASO,"Alaska Native Corporation (ANC), 100% of our company’s profits go back to our 14,300 Iñupiat shareholders that have resided..."
https://kr.indeed.com/viewjob?jk=90af0c52d502e40a,Influencer Marketing Intern,서울,Flash Coffee,"via our mobile app for customers who prefer a quick grab-and- go. Already operating in five countries, we... trajectory..."
https://kr.indeed.com/viewjob?jk=75243103225898f5,"Go-to-Market Strategy and Operations Lead (Korean, English)",서울,Google,closely... Greater China and Korea Go-to-Market (GTM) team on executing... direction... Go-to-Market Operations...
https://kr.indeed.com/viewjob?jk=44f7c818eea05a2a,Product Marketing Intern - Korea,서울,TikTok,performance trends and test hypotheses to help shape go-to-market strategies - Perform analysis on branding ads to uncover...
https://kr.indeed.com/viewjob?jk=af80f32c5e83079f,Intern,서울,KANTAR,"We go beyond the obvious, using... linked to what you deliver. We go beyond the obvious, using intelligence, passion..."
https://kr.indeed.com/viewjob?jk=958633dc3f0b880b,Research Executive,서울,KANTAR,"We go beyond the obvious, using... linked to what you deliver. We go beyond the obvious, using intelligence, passion..."
https://kr.indeed.com/viewjob?jk=b0e39e829a425353,카카오 광고 최적화 연구 및 개발,성남 판교역,카카오,"플리케이션 개발 지원자격 하나 이상의 프로그래밍 언어에 익숙한 분 (C/C++, Java, Python, Go, Scala 등) [알고리즘 개발 업무 관련 지원 경우] 데이터 마이닝 또는 머신러닝 지식/경험이 풍부한 분..."
https://kr.indeed.com/viewjob?jk=8fb18cf3f080a2f8,"Country Operations Manager, Strategy & Operations, Go-to-Mar...",서울,Google,"Strategy & Operations organization, within Go-to-Market (GTM), provides business... both Google’s go to market organization..."
https://kr.indeed.com/viewjob?jk=ccf8220ee1cd4011,Supply Technician,대한민국,ASO,"Alaska Native Corporation (ANC), 100% of our company’s profits go back to our 14,300 Iñupiat shareholders that have resided..."
https://kr.indeed.com/viewjob?jk=67edf15f425ca5a9,익스피다이터스 코리아 신입사원,서울 구로구,익스피다이터스 코리아,"전 세계적으로 통합된 시스템 등을 통해 항상 ""You`d be surprised how far we`ll go for you.""라는 약속을 지키고 있습니다.모집분야 항공수출 (정규직/계약직 0 명)ㆍEnsure smooth..."
https://kr.indeed.com/viewjob?jk=4ba9c34bd15fe872,"[Go Global In Take 2022] 석사, MBA 인재양성 프로그램",서울,Merck KGaA Darmstadt Germany,make more possible for our customers. Go Global Graduate Program In Take 2022(석사... developing our go-to-market approach...
https://kr.indeed.com/viewjob?jk=98a3e3328fec92db,데이터 엔지니어,서울,Bagelcode,"등 기본적인 전산 지식에 대한 이해를 갖추신 분 - Python / Java / Scala / Kotlin / Go 등의 언어로 개발 경험이 있으신 분 - 인턴의 경우, 최소 6개월 이상 근무 가능하신 분 * 이런 역량을..."
https://kr.indeed.com/viewjob?jk=0820a9a56f2ea3f0,PointNext Business Operation,서울,Hewlett Packard Enterprise,plans and proactively identify new opportunities. Develops go-forward business plan recommendations based on potential risks...
https://kr.indeed.com/viewjob?jk=90af0c52d502e40a,Influencer Marketing Intern,서울,Flash Coffee,"via our mobile app for customers who prefer a quick grab-and- go. Already operating in five countries, we... trajectory..."
https://kr.indeed.com/viewjob?jk=ccf8220ee1cd4011,Supply Technician,대한민국,ASO,"Alaska Native Corporation (ANC), 100% of our company’s profits go back to our 14,300 Iñupiat shareholders that have resided..."
https://kr.indeed.com/viewjob?jk=c14b6d6c1bc5a2d3,Stock Clerk,대한민국,ASO,"Alaska Native Corporation (ANC), 100% of our company’s profits go back to our 14,300 Iñupiat shareholders that have resided..."
https://kr.indeed.com/viewjob?jk=35bbd069832035a7,"Communications Specialist, Korea",서울,Netflix,action who is known to manage things in a timely manner. A go-getter who actively secures and place great stories about our...
https://kr.indeed.com/viewjob?jk=af80f32c5e83079f,Intern,서울,KANTAR,"We go beyond the obvious, using... linked to what you deliver. We go beyond the obvious, using intelligence, passion..."
https://kr.indeed.com/viewjob?jk=8fb18cf3f080a2f8,"Country Operations Manager, Strategy & Operations, Go-to-Mar...",서울,Google,"Strategy & Operations organization, within Go-to-Market (GTM), provides business... both Google’s go to market organization..."
https://kr.indeed.com/viewjob?jk=44f7c818eea05a2a,Product Marketing Intern - Korea,서울,TikTok,performance trends and test hypotheses to help shape go-to-market strategies - Perform analysis on branding ads to uncover...
https://kr.indeed.com/viewjob?jk=75243103225898f5,"Go-to-Market Strategy and Operations Lead (Korean, English)",서울,Google,closely... Greater China and Korea Go-to-Market (GTM) team on executing... direction... Go-to-Market Operations...
https://kr.indeed.com/viewjob?jk=67edf15f425ca5a9,익스피다이터스 코리아 신입사원,서울 구로구,익스피다이터스 코리아,"전 세계적으로 통합된 시스템 등을 통해 항상 ""You`d be surprised how far we`ll go for you.""라는 약속을 지키고 있습니다.모집분야 항공수출 (정규직/계약직 0 명)ㆍEnsure smooth..."
https://kr.indeed.com/viewjob?jk=6cb30d4f1a487b12,카카오 플랫폼 개발자 모집,성남 판교역,카카오,"양한 서비스 개발 신규 플랫폼 발굴 및 개발 지원자격 개발 경력 5년 이상 Linux환경에서 Java, Go, Ruby 등 언어 중 하나 이상 가능하신 분 우대사항 OPA(Open Policy Agent) 대한 관심..."
https://kr.indeed.com/viewjob?jk=dccbdd27d3c0592e,CRA I ~ Sr. CRA,서울+1 지역,Parexel,"Your time here At Parexel, the CRA role offers the opportunity to go beyond the role of a typical clinical monitor. CRA..."
https://kr.indeed.com/viewjob?jk=e63d80feb70ad6c4,[환경가전 대기업] 인프라보안팀 인프라운영 (과장~차장),서울 구로구,커리어라임즈,"경험 보유 [우대사항] - 스스로 툴 작성이 가능하신분 (Python, Go, Perl, Bash 등 활용) - 다양한 형태의 CICD 파이프라인... 툴 작성이 가능하신분 (Python, Go, Perl, Bash 등 활용..."
https://kr.indeed.com/viewjob?jk=6534c2cfc3ca0cec,Facilities Engineer - Camp Carroll,대한민국,ASO,"Alaska Native Corporation (ANC), 100% of our company’s profits go back to our 14,300 Iñupiat shareholders that have resided..."
https://kr.indeed.com/viewjob?jk=ce77b3c7f535d1b5,Localization Manager,서울,3i,stakeholders to provide expertise in localizing our product and go-to-market experience for non-English users * Engage...
https://kr.indeed.com/viewjob?jk=a00a9795f0bd314a,University and Careers Counsellor,서울,Dulwich College Seoul,"tuition for up to two children... school. To apply, go to https... dulwich.org/careers and lodge your application..."
https://kr.indeed.com/viewjob?jk=f90a85331ab2850c,Korean to English Subtitle Translator,원격 근무 in 서울,Iyuno-SDI Group,participate in our online language assessment. You may go directly to our on-boarding platform to take the test: *https...
https://kr.indeed.com/viewjob?jk=35bbd069832035a7,"Communications Specialist, Korea",서울,Netflix,action who is known to manage things in a timely manner. A go-getter who actively secures and place great stories about our...
https://kr.indeed.com/viewjob?jk=c14b6d6c1bc5a2d3,Stock Clerk,대한민국,ASO,"Alaska Native Corporation (ANC), 100% of our company’s profits go back to our 14,300 Iñupiat shareholders that have resided..."
https://kr.indeed.com/viewjob?jk=90af0c52d502e40a,Influencer Marketing Intern,서울,Flash Coffee,"via our mobile app for customers who prefer a quick grab-and- go. Already operating in five countries, we... trajectory..."
https://kr.indeed.com/viewjob?jk=75243103225898f5,"Go-to-Market Strategy and Operations Lead (Korean, English)",서울,Google,closely... Greater China and Korea Go-to-Market (GTM) team on executing... direction... Go-to-Market Operations...
https://kr.indeed.com/viewjob?jk=44f7c818eea05a2a,Product Marketing Intern - Korea,서울,TikTok,performance trends and test hypotheses to help shape go-to-market strategies - Perform analysis on branding ads to uncover...
https://kr.indeed.com/viewjob?jk=af80f32c5e83079f,Intern,서울,KANTAR,"We go beyond the obvious, using... linked to what you deliver. We go beyond the obvious, using intelligence, passion..."
https://kr.indeed.com/viewjob?jk=958633dc3f0b880b,Research Executive,서울,KANTAR,"We go beyond the obvious, using... linked to what you deliver. We go beyond the obvious, using intelligence, passion..."
https://kr.indeed.com/viewjob?jk=b0e39e829a425353,카카오 광고 최적화 연구 및 개발,성남 판교역,카카오,"플리케이션 개발 지원자격 하나 이상의 프로그래밍 언어에 익숙한 분 (C/C++, Java, Python, Go, Scala 등) [알고리즘 개발 업무 관련 지원 경우] 데이터 마이닝 또는 머신러닝 지식/경험이 풍부한 분..."
https://kr.indeed.com/viewjob?jk=8fb18cf3f080a2f8,"Country Operations Manager, Strategy & Operations, Go-to-Mar...",서울,Google,"Strategy & Operations organization, within Go-to-Market (GTM), provides business... both Google’s go to market organization..."
https://kr.indeed.com/viewjob?jk=ccf8220ee1cd4011,Supply Technician,대한민국,ASO,"Alaska Native Corporation (ANC), 100% of our company’s profits go back to our 14,300 Iñupiat shareholders that have resided..."
https://kr.indeed.com/viewjob?jk=67edf15f425ca5a9,익스피다이터스 코리아 신입사원,서울 구로구,익스피다이터스 코리아,"전 세계적으로 통합된 시스템 등을 통해 항상 ""You`d be surprised how far we`ll go for you.""라는 약속을 지키고 있습니다.모집분야 항공수출 (정규직/계약직 0 명)ㆍEnsure smooth..."
https://kr.indeed.com/viewjob?jk=4ba9c34bd15fe872,"[Go Global In Take 2022] 석사, MBA 인재양성 프로그램",서울,Merck KGaA Darmstadt Germany,make more possible for our customers. Go Global Graduate Program In Take 2022(석사... developing our go-to-market approach...
https://kr.indeed.com/viewjob?jk=98a3e3328fec92db,데이터 엔지니어,서울,Bagelcode,"등 기본적인 전산 지식에 대한 이해를 갖추신 분 - Python / Java / Scala / Kotlin / Go 등의 언어로 개발 경험이 있으신 분 - 인턴의 경우, 최소 6개월 이상 근무 가능하신 분 * 이런 역량을..."
https://kr.indeed.com/viewjob?jk=0820a9a56f2ea3f0,PointNext Business Operation,서울,Hewlett Packard Enterprise,plans and proactively identify new opportunities. Develops go-forward business plan recommendations based on potential risks...
https://kr.indeed.com/viewjob?jk=f4745b7ca6da8969,Korean to Bahasa Malaysia Subtitle Translator,원격 근무 in 서울,Iyuno-SDI Group,"https... imtalent.iyunomg.com * After registration, go to > Job Bulletin > Applications, or visit https://dashboard..."
https://kr.indeed.com/viewjob?jk=90af0c52d502e40a,Influencer Marketing Intern,서울,Flash Coffee,"via our mobile app for customers who prefer a quick grab-and- go. Already operating in five countries, we... trajectory..."
https://kr.indeed.com/viewjob?jk=ccf8220ee1cd4011,Supply Technician,대한민국,ASO,"Alaska Native Corporation (ANC), 100% of our company’s profits go back to our 14,300 Iñupiat shareholders that have resided..."
https://kr.indeed.com/viewjob?jk=c14b6d6c1bc5a2d3,Stock Clerk,대한민국,ASO,"Alaska Native Corporation (ANC), 100% of our company’s profits go back to our 14,300 Iñupiat shareholders that have resided..."
https://kr.indeed.com/viewjob?jk=35bbd069832035a7,"Communications Specialist, Korea",서울,Netflix,action who is known to manage things in a timely manner. A go-getter who actively secures and place great stories about our...
https://kr.indeed.com/viewjob?jk=af80f32c5e83079f,Intern,서울,KANTAR,"We go beyond the obvious, using... linked to what you deliver. We go beyond the obvious, using intelligence, passion..."
https://kr.indeed.com/viewjob?jk=8fb18cf3f080a2f8,"Country Operations Manager, Strategy & Operations, Go-to-Mar...",서울,Google,"Strategy & Operations organization, within Go-to-Market (GTM), provides business... both Google’s go to market organization..."
https://kr.indeed.com/viewjob?jk=44f7c818eea05a2a,Product Marketing Intern - Korea,서울,TikTok,performance trends and test hypotheses to help shape go-to-market strategies - Perform analysis on branding ads to uncover...
https://kr.indeed.com/viewjob?jk=75243103225898f5,"Go-to-Market Strategy and Operations Lead (Korean, English)",서울,Google,closely... Greater China and Korea Go-to-Market (GTM) team on executing... direction... Go-to-Market Operations...
https://kr.indeed.com/viewjob?jk=67edf15f425ca5a9,익스피다이터스 코리아 신입사원,서울 구로구,익스피다이터스 코리아,"전 세계적으로 통합된 시스템 등을 통해 항상 ""You`d be surprised how far we`ll go for you.""라는 약속을 지키고 있습니다.모집분야 항공수출 (정규직/계약직 0 명)ㆍEnsure smooth..."
https://kr.indeed.com/viewjob?jk=6cb30d4f1a487b12,카카오 플랫폼 개발자 모집,성남 판교역,카카오,"양한 서비스 개발 신규 플랫폼 발굴 및 개발 지원자격 개발 경력 5년 이상 Linux환경에서 Java, Go, Ruby 등 언어 중 하나 이상 가능하신 분 우대사항 OPA(Open Policy Agent) 대한 관심..."
https://kr.indeed.com/viewjob?jk=dccbdd27d3c0592e,CRA I ~ Sr. CRA,서울+1 지역,Parexel,"Your time here At Parexel, the CRA role offers the opportunity to go beyond the role of a typical clinical monitor. CRA..."
https://kr.indeed.com/viewjob?jk=e63d80feb70ad6c4,[환경가전 대기업] 인프라보안팀 인프라운영 (과장~차장),서울 구로구,커리어라임즈,"경험 보유 [우대사항] - 스스로 툴 작성이 가능하신분 (Python, Go, Perl, Bash 등 활용) - 다양한 형태의 CICD 파이프라인... 툴 작성이 가능하신분 (Python, Go, Perl, Bash 등 활용..."
https://kr.indeed.com/viewjob?jk=6534c2cfc3ca0cec,Facilities Engineer - Camp Carroll,대한민국,ASO,"Alaska Native Corporation (ANC), 100% of our company’s profits go back to our 14,300 Iñupiat shareholders that have resided..."
https://kr.indeed.com/viewjob?jk=ce77b3c7f535d1b5,Localization Manager,서울,3i,stakeholders to provide expertise in localizing our product and go-to-market experience for non-English users * Engage...
https://kr.indeed.com/viewjob?jk=f4745b7ca6da8969,Korean to Bahasa Malaysia Subtitle Translator,원격 근무 in 서울,Iyuno-SDI Group,"https... imtalent.iyunomg.com * After registration, go to > Job Bulletin > Applications, or visit https://dashboard..."
https://kr.indeed.com/viewjob?jk=f90a85331ab2850c,Korean to English Subtitle Translator,원격 근무 in 서울,Iyuno-SDI Group,participate in our online language assessment. You may go directly to our on-boarding platform to take the test: *https...
https://kr.indeed.com/viewjob?jk=35bbd069832035a7,"Communications Specialist, Korea",서울,Netflix,action who is known to manage things in a timely manner. A go-getter who actively secures and place great stories about our...
https://kr.indeed.com/viewjob?jk=c14b6d6c1bc5a2d3,Stock Clerk,대한민국,ASO,"Alaska Native Corporation (ANC), 100% of our company’s profits go back to our 14,300 Iñupiat shareholders that have resided..."
https://kr.indeed.com/viewjob?jk=90af0c52d502e40a,Influencer Marketing Intern,서울,Flash Coffee,"via our mobile app for customers who prefer a quick grab-and- go. Already operating in five countries, we... trajectory..."
https://kr.indeed.com/viewjob?jk=75243103225898f5,"Go-to-Market Strategy and Operations Lead (Korean, English)",서울,Google,closely... Greater China and Korea Go-to-Market (GTM) team on executing... direction... Go-to-Market Operations...
https://kr.indeed.com/viewjob?jk=44f7c818eea05a2a,Product Marketing Intern - Korea,서울,TikTok,performance trends and test hypotheses to help shape go-to-market strategies - Perform analysis on branding ads to uncover...
https://kr.indeed.com/viewjob?jk=af80f32c5e83079f,Intern,서울,KANTAR,"We go beyond the obvious, using... linked to what you deliver. We go beyond the obvious, using intelligence, passion..."
https://kr.indeed.com/viewjob?jk=958633dc3f0b880b,Research Executive,서울,KANTAR,"We go beyond the obvious, using... linked to what you deliver. We go beyond the obvious, using intelligence, passion..."
https://kr.indeed.com/viewjob?jk=b0e39e829a425353,카카오 광고 최적화 연구 및 개발,성남 판교역,카카오,"플리케이션 개발 지원자격 하나 이상의 프로그래밍 언어에 익숙한 분 (C/C++, Java, Python, Go, Scala 등) [알고리즘 개발 업무 관련 지원 경우] 데이터 마이닝 또는 머신러닝 지식/경험이 풍부한 분..."
https://kr.indeed.com/viewjob?jk=8fb18cf3f080a2f8,"Country Operations Manager, Strategy & Operations, Go-to-Mar...",서울,Google,"Strategy & Operations organization, within Go-to-Market (GTM), provides business... both Google’s go to market organization..."
https://kr.indeed.com/viewjob?jk=ccf8220ee1cd4011,Supply Technician,대한민국,ASO,"Alaska Native Corporation (ANC), 100% of our company’s profits go back to our 14,300 Iñupiat shareholders that have resided..."
https://kr.indeed.com/viewjob?jk=67edf15f425ca5a9,익스피다이터스 코리아 신입사원,서울 구로구,익스피다이터스 코리아,"전 세계적으로 통합된 시스템 등을 통해 항상 ""You`d be surprised how far we`ll go for you.""라는 약속을 지키고 있습니다.모집분야 항공수출 (정규직/계약직 0 명)ㆍEnsure smooth..."
https://kr.indeed.com/viewjob?jk=4ba9c34bd15fe872,"[Go Global In Take 2022] 석사, MBA 인재양성 프로그램",서울,Merck KGaA Darmstadt Germany,make more possible for our customers. Go Global Graduate Program In Take 2022(석사... developing our go-to-market approach...
https://kr.indeed.com/viewjob?jk=98a3e3328fec92db,데이터 엔지니어,서울,Bagelcode,"등 기본적인 전산 지식에 대한 이해를 갖추신 분 - Python / Java / Scala / Kotlin / Go 등의 언어로 개발 경험이 있으신 분 - 인턴의 경우, 최소 6개월 이상 근무 가능하신 분 * 이런 역량을..."
